{
    "version": "3.0",
    "metadata": {
        "timestamp": "2026-03-28T20:20:53.904111",
        "height_ratio": 0.8832442944891353,
        "engine_version": "NEXUS-Gen3"
    },
    "skeleton": {
        "shoulder_width": 0.1626893340829899,
        "arm_upper": 0.1268962586010487,
        "arm_lower": 0.19470772125586,
        "leg_upper": 0.22627042658481375,
        "leg_lower": 0.3224750267460833,
        "torso": 0.3344988411582383
    }
}